date,listeners,monthly listeners,monthly active listeners,super listeners,streams,playlist adds,saves,followers
2024-01-01,580597,8871653,4869157,237268,1072944,35224,16140,1916289
2024-01-02,668150,8880713,4864654,236634,1237407,46158,20727,1916677
2024-01-03,697643,8888160,4862762,236371,1292502,46472,21531,1917199
2024-01-04,704054,8889981,4859297,236331,1296453,48775,21438,1917761
2024-01-05,722163,8901384,4857691,236291,1324447,48561,21076,1918285
2024-01-06,701858,8909521,4857151,236199,1304567,46223,20978,1918843
2024-01-07,673745,8913095,4858058,236133,1267795,46649,20755,1919382
2024-01-08,701112,8916005,4860276,236193,1287365,45114,21060,1919898
2024-01-09,697290,8916317,4860282,236160,1276847,42632,20155,1920416
2024-01-10,710008,8919176,4860592,236323,1301177,43427,21184,1920920
2024-01-11,724233,8917907,4860115,236591,1329672,42120,21004,1921405
2024-01-12,737559,8908200,4852322,235620,1350151,44674,21983,1921864
2024-01-13,711454,8897092,4850293,235286,1317995,44320,20645,1922376
2024-01-14,670995,8890162,4847693,235047,1262130,44911,20736,1922938
2024-01-15,687146,8864045,4843926,234102,1267063,44141,20608,1923255
2024-01-16,705362,8854643,4839626,233747,1295782,43730,20878,1923677
2024-01-17,716740,8841595,4834953,233122,1307246,42271,24054,1924117
2024-01-18,720354,8838155,4831330,232734,1324030,43200,23001,1924584
2024-01-19,746815,8852120,4829362,232470,1358415,43344,24365,1925047
2024-01-20,707993,8860652,4837126,232845,1313409,43235,22451,1925508
2024-01-21,680997,8891668,4845575,233830,1279127,45210,23162,1926034
2024-01-22,721368,8952471,4873415,236732,1327048,44996,24973,1926639
2024-01-23,734089,8975698,4887999,237807,1345422,44061,23633,1927125
2024-01-24,746559,8992783,4893285,237969,1366684,43973,24814,1927634
2024-01-25,717753,8985596,4896534,238569,1321221,42605,23587,1928119
2024-01-26,750105,8988891,4899742,238892,1385438,43185,25074,1928623
2024-01-27,719075,8997086,4901740,239052,1353081,42935,23611,1929101
2024-01-28,688561,8995132,4895875,239438,1300399,44664,24380,1929593
2024-01-29,709816,9008445,4912018,241955,1309871,45529,23449,1930046
2024-01-30,709688,9009947,4920025,242730,1307430,42001,23636,1930494
2024-01-31,707007,9003488,4931518,243545,1299611,42103,24136,1930959
2024-02-01,716210,8997146,4940945,244123,1314368,42529,23042,1931429
2024-02-02,738088,8996323,4951749,244831,1357583,41144,23240,1931944
2024-02-03,729848,9009238,4962986,245432,1350356,41850,22795,1932015
2024-02-04,692440,9030426,4971913,245709,1296613,45128,23150,1932005
2024-02-05,717524,9052312,4977848,246136,1305373,43261,23562,1932033
2024-02-06,718397,9060428,4984730,246426,1301917,41036,22745,1931876
2024-02-07,729819,9078789,4990433,247009,1319069,40552,21327,1931793
2024-02-08,751910,9095387,4996423,247463,1359752,52667,21471,1931803
2024-02-09,757095,9093071,5002420,247487,1363221,41089,22468,1931833
2024-02-10,756691,9130830,5008891,247900,1371082,40681,24070,1931878
2024-02-11,705160,9148251,5015827,247910,1293817,41457,22971,1931904
2024-02-12,739474,9183269,5019221,247907,1335167,42032,22970,1931832
2024-02-13,776032,9224272,5025931,248300,1393559,43468,23286,1931775
2024-02-14,822737,9279568,5039481,249201,1486141,41247,24401,1931794
2024-02-15,780329,9311179,5047689,249668,1427531,40995,22783,1931945
2024-02-16,789269,9335733,5053639,250047,1414652,43326,25068,1932544
2024-02-17,744032,9351349,5053714,250080,1353659,41812,19456,1933094
2024-02-18,696308,9361279,5059063,250347,1281801,46312,19614,1933655
2024-02-19,740627,9374055,5064359,250530,1334039,46140,21079,1934189
2024-02-20,762356,9387774,5068552,250987,1367079,43041,21171,1934727
2024-02-21,775162,9398320,5073900,251218,1381761,41955,20467,1935243
2024-02-22,772124,9431842,5078989,251780,1387027,41596,21373,1935845
2024-02-23,780107,9452001,5084476,251989,1402910,40602,23476,1936379
2024-02-24,748780,9470935,5090167,252354,1368011,42337,22861,1936980
2024-02-25,722673,9490557,5097442,252670,1329637,45077,23513,1937529
2024-02-26,746612,9509233,5103689,253056,1350009,41992,23162,1938022
2024-02-27,758733,9538979,5110125,253164,1354219,40605,22906,1938543
2024-02-28,752662,9566448,5111509,252909,1346412,40052,23052,1939063
2024-02-29,764983,9592468,5113224,252858,1367496,39810,22941,1939674
2024-03-01,756872,9601330,5113363,252684,1364891,40742,22211,1940243
2024-03-02,729077,9601420,5112078,252481,1335651,38836,22013,1940770
2024-03-03,712643,9601043,5112782,252550,1323151,43007,22437,1941402
2024-03-04,749679,9618117,5115382,252435,1352628,40206,22653,1942034
2024-03-05,760741,9642731,5118991,252447,1363345,38080,21840,1942625
2024-03-06,770193,9664510,5122741,252470,1380141,38321,23009,1943233
2024-03-07,755173,9660589,5127077,252310,1354737,40010,22774,1943789
2024-03-08,806021,9671847,5139347,253711,1490017,50015,35184,1944560
2024-03-09,773746,9666959,5148084,254676,1435041,47048,30103,1945330
2024-03-10,731552,9675220,5158305,255958,1391305,49778,29665,1946061
2024-03-11,776410,9671231,5171233,257545,1451761,45884,29933,1946714
2024-03-12,776285,9661593,5178412,258744,1447920,42626,28837,1947389
2024-03-13,794805,9641900,5178872,259310,1470320,42608,27898,1948028
2024-03-14,781503,9622249,5181939,260112,1435768,41407,26498,1948630
2024-03-15,781175,9606767,5184404,260897,1427041,40881,23786,1949198
2024-03-16,757999,9611715,5186593,261195,1392993,39600,23431,1949776
2024-03-17,711588,9616864,5188921,261498,1325296,42083,22799,1950590
2024-03-18,749716,9629342,5190932,261759,1365014,41284,23656,1951215
2024-03-19,766332,9633440,5193622,261885,1372394,40906,23619,1951780
2024-03-20,779381,9642613,5195645,261946,1397943,39747,24881,1952382
2024-03-21,779194,9645410,5197511,262034,1396185,38129,24067,1952978
2024-03-22,771235,9643496,5196522,261935,1381884,37862,22992,1953561
2024-03-23,729175,9622616,5194516,261829,1327477,39693,21885,1954059
2024-03-24,698984,9612923,5191683,261582,1291225,41168,20161,1954700
2024-03-25,734934,9610447,5190264,261227,1320575,40783,20135,1955216
2024-03-26,740500,9598513,5187780,261140,1325230,39954,20319,1955784
2024-03-27,762412,9594320,5188720,260904,1368809,39265,19916,1956319
2024-03-28,756549,9592231,5189079,260636,1350898,42327,20666,1956841
2024-03-29,725925,9593536,5183512,259871,1308341,40759,19726,1957377
2024-03-30,698568,9584956,5177816,259427,1272528,40317,19217,1957867
2024-03-31,655358,9558785,5171059,258389,1200450,39891,18437,1958445
2024-04-01,715346,9554426,5169553,257746,1294725,41253,20259,1958999
2024-04-02,733586,9541536,5166412,257368,1315474,40920,20368,1959553
2024-04-03,729855,9529133,5161685,256997,1305684,40518,20166,1960082
2024-04-04,729545,9511627,5154553,256496,1296692,40065,19626,1960628
2024-04-05,761816,9506429,5140436,254626,1345951,39824,19719,1961144
2024-04-06,736252,9505391,5129855,253238,1321172,38740,18987,1961726
2024-04-07,702497,9506156,5119869,251443,1266943,40653,19153,1962285
2024-04-08,744800,9516600,5109978,249756,1313400,39566,20518,1962843
2024-04-09,758393,9524754,5103044,248148,1325672,38026,19968,1963343
2024-04-10,737395,9498710,5093416,246544,1298144,37647,18815,1963908
2024-04-11,725690,9472287,5085654,245208,1283287,37814,18430,1964457
2024-04-12,742122,9456913,5081099,243966,1307560,35371,18451,1964971
2024-04-13,703080,9437659,5076169,243175,1262965,35534,17181,1965460
2024-04-14,671533,9426620,5073131,242395,1221588,38596,16790,1965955
2024-04-15,718550,9411966,5072265,241624,1269850,38635,18356,1966420
2024-04-16,687724,9382325,5068564,240980,1218944,36003,16801,1966940
2024-04-17,685975,9341796,5062136,239972,1220825,36515,17310,1967424
2024-04-18,683824,9287808,5056908,238943,1212145,36430,17529,1967904
2024-04-19,683228,9244202,5051752,238309,1223178,36252,16768,1968379
2024-04-20,661437,9214899,5046455,237379,1194730,34727,16694,1968892
2024-04-21,629930,9187355,5041108,236729,1159662,38766,16493,1968399
2024-04-22,647388,9158112,5036849,236049,1154068,38484,16530,1968817
2024-04-23,696425,9150839,5033926,235397,1240718,37624,18454,1969267
2024-04-24,702076,9133654,5027328,234449,1246792,37945,18147,1969733
2024-04-25,707912,9114818,5020002,233770,1255984,37612,18471,1970212
2024-04-26,710155,9102041,5020060,233603,1266191,38687,18131,1970646
2024-04-27,667521,9079641,5018968,233405,1201442,37616,16987,1971063
2024-04-28,633992,9068789,5018568,233424,1154817,39229,17162,1971498
2024-04-29,674755,9049986,5013404,233231,1196322,38848,18179,1971953
2024-04-30,667086,9020322,5012654,232459,1183986,36157,16293,1972409
2024-05-01,641807,8993614,5007928,231403,1157862,36287,16657,1972847
2024-05-02,668121,8974997,5004773,230990,1189893,36943,17465,1973293
2024-05-03,695694,8951252,4999682,230298,1247217,36468,17538,1973783
2024-05-04,652038,8909480,4990989,229311,1181795,37556,16717,1974268
2024-05-05,607241,8864401,4982701,228702,1115346,36997,16048,1974682
2024-05-06,637730,8820095,4977531,227629,1145945,38149,17310,1975128
2024-05-07,642202,8765442,4971298,226772,1149240,34766,16386,1975590
2024-05-08,670115,8744001,4968970,225939,1197083,35032,16619,1976020
2024-05-09,664103,8721968,4963928,224967,1185834,34200,16864,1976451
2024-05-10,650078,8681328,4959622,223852,1164995,33476,16024,1976870
2024-05-11,620007,8640752,4954535,223090,1127417,34081,15298,1977263
2024-05-12,600548,8614016,4950753,222109,1104491,35394,15845,1977740
2024-05-13,642754,8584871,4948527,221339,1158766,38114,17790,1978206
2024-05-14,649598,8577440,4947317,220898,1164815,35479,17577,1978661
2024-05-15,660671,8577368,4946893,220392,1190702,36926,18100,1979185
2024-05-16,658546,8578058,4944790,220001,1178727,37284,18068,1979669
2024-05-17,725423,8599185,4948083,220045,1300983,42251,25797,1980249
2024-05-18,700136,8631373,4951068,220120,1278918,38989,22568,1980801
2024-05-19,677924,8672948,4954961,220091,1251525,40079,21450,1981377
2024-05-20,669035,8690081,4957710,219956,1228388,39757,20656,1981881
2024-05-21,676188,8678193,4962147,220258,1227609,38364,21224,1982361
2024-05-22,698508,8670071,4968078,220512,1273800,40189,21912,1982880
2024-05-23,682941,8650990,4970308,220892,1244573,37013,20332,1983361
2024-05-24,675856,8630139,4969368,220863,1214064,35881,17467,1983869
2024-05-25,645154,8611498,4967730,220824,1168216,36100,17032,1984297
2024-05-26,606355,8599955,4964773,220547,1109651,36661,16665,1984764
2024-05-27,624794,8576860,4962054,220241,1123753,36685,16060,1985181
2024-05-28,646735,8565816,4957391,220018,1154125,36782,16944,1985518
2024-05-29,655624,8569520,4957987,220464,1167058,34787,16517,1985934
2024-05-30,657436,8562784,4957342,220262,1181120,35930,16645,1986381
2024-05-31,677152,8564767,4956217,220282,1217367,35669,17634,1986852
2024-06-01,628067,8554605,4954485,220416,1136752,34473,16019,1987297
2024-06-02,600429,8547224,4954863,220663,1109400,36473,16226,1987729
2024-06-03,627518,8549945,4951762,220723,1130694,35297,16322,1988127
2024-06-04,638553,8554529,4949566,220783,1141869,34891,16831,1988552
2024-06-05,647603,8543960,4944512,220794,1155670,34376,16160,1989003
2024-06-06,654585,8537800,4942251,221005,1169510,34743,16731,1989567
2024-06-07,663685,8546657,4939911,221049,1185218,34117,17106,1989848
2024-06-08,635121,8551736,4936599,220730,1156403,34185,16000,1990296
2024-06-09,602095,8554954,4933208,220733,1112723,35152,15473,1990726
2024-06-10,642003,8565623,4929403,220098,1155664,36095,17060,1991162
2024-06-11,647427,8570910,4925810,219583,1165246,35933,16747,1991616
2024-06-12,674112,8587399,4922631,219556,1209899,36516,17861,1992034
2024-06-13,678282,8606873,4920029,219562,1225613,35284,17707,1992451
2024-06-14,727517,8609927,4919517,219801,1320758,42104,28458,1992948
2024-06-15,652610,8587122,4916191,219845,1206246,37121,21322,1993395
2024-06-16,600963,8543341,4910948,219925,1128393,36232,19815,1993857
2024-06-17,648977,8529383,4906621,219980,1205290,38310,21739,1994304
2024-06-18,664164,8524071,4903832,219940,1219628,37799,20644,1994775
2024-06-19,658130,8517292,4900611,219621,1218144,37065,21040,1995292
2024-06-20,658185,8507545,4897861,219401,1218058,38106,21435,1995768
2024-06-21,664560,8511142,4892632,218992,1212688,35244,18216,1996203
2024-06-22,617525,8502860,4887644,218721,1137687,36177,16314,1996668
2024-06-23,589315,8494553,4884989,218324,1100118,36392,16768,1997069
2024-06-24,627451,8497521,4883566,218523,1140968,35881,17506,1997503
2024-06-25,625765,8498109,4878862,218138,1128474,36620,16773,1997889
2024-06-26,636151,8495466,4873192,217666,1147265,34294,16263,1998261
2024-06-27,638076,8479413,4869279,217592,1153089,35789,17968,1998658
2024-06-28,695869,8484934,4868622,218502,1273090,43348,27482,1999227
2024-06-29,632141,8472995,4867563,219168,1177946,37443,21264,1999634
2024-06-30,598806,8461478,4865946,219495,1127203,38704,20028,2000036
2024-07-01,651536,8475609,4867367,220088,1209292,39607,22184,2000483
2024-07-02,661536,8493651,4869002,220713,1229863,39363,21627,2000979
2024-07-03,695801,8516001,4872350,221727,1279638,38987,21543,2001437
2024-07-04,679219,8524841,4872647,222284,1257733,37520,20960,2001926
2024-07-05,654004,8524797,4865630,222401,1196957,35644,17716,2002393
2024-07-06,626578,8520663,4861542,222701,1153096,34768,16967,2002929
2024-07-07,627187,8535811,4862996,223077,1162383,38400,20070,2003559
2024-07-08,676405,8557173,4864062,223466,1234590,39865,20977,2003999
2024-07-09,670941,8583760,4862573,223621,1208256,38561,19447,2004448
2024-07-10,651133,8566262,4857902,223587,1183530,38715,18180,2004861
2024-07-11,660763,8545436,4853208,223740,1199766,38602,19429,2005315
2024-07-12,662096,8521364,4845855,222898,1196767,40306,19472,2005755
2024-07-13,625185,8519043,4839403,221930,1128308,35832,17257,2006214
2024-07-14,580540,8507785,4833321,221252,1056640,34081,15810,2006613
2024-07-15,616005,8499309,4826166,220387,1105131,35400,16384,2006993
2024-07-16,639652,8498739,4820062,219384,1149667,38356,17860,2007398
2024-07-17,664056,8504438,4814706,218509,1187565,38726,18410,2007835
2024-07-18,654882,8505626,4809351,217918,1178014,37600,17416,2008231
2024-07-19,640051,8484060,4807201,217510,1149793,37274,16938,2008628
2024-07-20,613686,8481740,4806268,217156,1112152,35475,15833,2009057
2024-07-21,583776,8481068,4805312,216809,1063140,35453,15633,2009507
2024-07-22,623704,8483885,4804153,216488,1123180,39011,17513,2009959
2024-07-23,632148,8484833,4805455,216192,1148951,40072,18101,2010457
2024-07-24,637692,8485533,4806121,216214,1159771,38609,18193,2011001
2024-07-25,638427,8492548,4806249,216188,1155139,37804,18298,2011423
2024-07-26,646465,8484808,4799602,215342,1162375,40073,17818,2011917
2024-07-27,633557,8495002,4795950,214510,1142994,34975,16880,2012322
2024-07-28,602434,8496219,4793120,213722,1096850,35214,16981,2012704
2024-07-29,626052,8489827,4789341,212814,1129061,36168,17259,2013066
2024-07-30,631482,8483374,4783637,211496,1133602,36219,17324,2013462
2024-07-31,663658,8486540,4776931,210108,1179804,36151,18262,2013907
2024-08-01,691053,8493394,4773537,209298,1222430,37226,18977,2014388
2024-08-02,718633,8531860,4777267,209014,1257699,37039,19052,2014851
2024-08-03,682080,8558021,4780108,208713,1197421,36850,17353,2015227
2024-08-04,651900,8566920,4779554,208147,1170316,37331,17906,2015628
2024-08-05,692799,8580495,4778452,207453,1226653,38191,19395,2016036
2024-08-06,718333,8606003,4779793,206774,1256734,37821,19156,2016464
2024-08-07,687828,8626597,4782332,206333,1212489,36239,17722,2016880
2024-08-08,703162,8652714,4784789,205916,1243332,36547,18732,2017279
2024-08-09,728025,8691594,4785229,205780,1271962,37884,18357,2017715
2024-08-10,679351,8719490,4786428,205644,1203544,34231,16988,2018143
2024-08-11,647612,8753960,4789221,205471,1151869,35492,16875,2018556
2024-08-12,703769,8799731,4793693,205393,1231960,37835,18717,2019009
2024-08-13,709571,8841459,4798012,205202,1241564,38003,19829,2019566
2024-08-14,716040,8872866,4801232,205117,1250370,38370,18818,2020057
2024-08-15,661153,8871794,4799991,204681,1176067,37134,17675,2020470
2024-08-16,721483,8892106,4804378,205392,1281646,44005,25103,2020876
2024-08-17,675665,8912015,4807163,205889,1226861,38710,21277,2021376
2024-08-18,650491,8931376,4812394,206644,1191256,40651,20592,2021891
2024-08-19,697963,8956358,4818509,207294,1252952,40534,21270,2022272
2024-08-20,697434,8974698,4823086,207762,1247656,38565,20684,2022762
2024-08-21,703747,8989147,4826974,208172,1262296,38252,20904,2023302
2024-08-22,727917,9014433,4830406,208351,1285871,37802,21030,2023748
2024-08-23,724692,9043731,4832432,208578,1266382,39103,19587,2024254
2024-08-24,688031,9063387,4834434,208510,1220243,36579,18587,2024708
2024-08-25,653771,9083888,4836882,208665,1172887,37400,17743,2025099
2024-08-26,693875,9111919,4840271,209012,1216553,36348,18541,2025533
2024-08-27,697377,9136512,4842974,209094,1206990,36390,18720,2025901
2024-08-28,723337,9163273,4845046,209180,1250518,36768,18956,2026304
2024-08-29,731146,9179346,4845969,209347,1277315,36612,19267,2026704
2024-08-30,718520,9170991,4846355,209538,1262765,36104,18289,2027113
2024-08-31,674668,9178416,4845743,209593,1206936,34900,17276,2027568
2024-09-01,642250,9177545,4844247,209531,1155226,35773,17416,2027928
2024-09-02,699129,9196438,4845069,209401,1228465,36940,18599,2028375
2024-09-03,707573,9194535,4845944,209329,1225640,35438,18424,2028725
2024-09-04,689375,9182852,4845641,209497,1197355,34298,16918,2029085
2024-09-05,722186,9189432,4843808,209385,1242842,34396,17886,2029448
2024-09-06,725743,9179245,4843311,209749,1257282,35143,17756,2029813
2024-09-07,685685,9181708,4841010,209640,1211218,35519,16754,2030218
2024-09-08,656927,9167007,4839776,209822,1168109,36532,17568,2030596
2024-09-09,703764,9163583,4838779,209723,1226839,36685,18611,2031000
2024-09-10,720017,9160052,4838130,210134,1240748,34790,18641,2031333
2024-09-11,705261,9144380,4834780,210103,1229794,35342,18454,2031723
2024-09-12,698531,9156643,4835553,210368,1225150,34169,17636,2032155
2024-09-13,722527,9169984,4831212,210102,1266884,35386,18226,2032587
2024-09-14,701673,9194241,4826266,209894,1243709,35760,18313,2033072
2024-09-15,663483,9205052,4819114,209438,1186960,37928,17795,2033553
2024-09-16,696302,9206400,4812919,208603,1211062,36641,18295,2033990
2024-09-17,693012,9199418,4808053,208308,1207863,34840,18236,2034387
2024-09-18,697294,9194258,4803459,207858,1212536,34844,17582,2034813
2024-09-19,702195,9173468,4797599,207359,1218115,34642,18002,2035191
2024-09-20,752882,9181542,4798321,207530,1310231,40781,25050,2035643
2024-09-21,725693,9209372,4798731,207766,1263692,38038,21509,2036146
2024-09-22,684755,9236892,4799988,208142,1205869,39728,19695,2036626
2024-09-23,692725,9224391,4799287,208556,1221561,38511,19973,2037066
2024-09-24,725032,9226577,4802555,208997,1270590,36284,20691,2037448
2024-09-25,729869,9214484,4805423,209224,1278694,37259,20253,2037887
2024-09-26,699084,9186842,4806176,209555,1231776,36212,18910,2038344
2024-09-27,722762,9192113,4805347,209556,1252821,36703,19393,2038785
2024-09-28,689172,9190921,4804972,209707,1209884,35651,17303,2039245
2024-09-29,626331,9168322,4802558,209605,1114546,36305,16175,2039705
2024-09-30,667221,9136478,4802321,209820,1158820,36599,16892,2040135
2024-10-01,678544,9112650,4801240,209427,1169380,35767,16301,2040505
2024-10-02,716728,9138047,4803010,209532,1226462,36577,18084,2040921
2024-10-03,738772,9161904,4806386,209619,1258879,35791,18769,2041360
2024-10-04,748062,9178894,4811336,209796,1270722,35814,17961,2042144
2024-10-05,697265,9190379,4814606,209902,1202810,34616,16506,2042565
2024-10-06,664140,9208211,4815131,209714,1159714,36780,17659,2043015
2024-10-07,727925,9230207,4818580,209669,1241504,36506,18951,2043382
2024-10-08,689546,9221735,4821730,209343,1198121,34758,17114,2043843
2024-10-09,668262,9211571,4824355,209372,1176174,33049,16637,2044247
2024-10-10,656950,9196316,4824153,209225,1157323,32438,15649,2044669
2024-10-11,674621,9177464,4826418,209175,1195579,33147,16054,2045123
2024-10-12,642091,9144052,4826328,208926,1151673,32436,15727,2045556
2024-10-13,620799,9129302,4827192,209011,1132732,35511,16300,2046028
2024-10-14,658621,9105435,4828735,209085,1169384,34557,17554,2046438
2024-10-15,656750,9091562,4828975,209123,1167120,33277,17065,2046839
2024-10-16,653837,9076646,4829365,208754,1152984,41362,15606,2047198
2024-10-17,652070,9052988,4827933,208740,1140808,31997,15892,2047599
2024-10-18,672311,9012054,4822730,208374,1181069,32644,15789,2047985
2024-10-19,654834,8972640,4819072,207902,1167311,33290,15431,2048400
2024-10-20,605283,8924115,4813931,207314,1092133,35382,15317,2048802
2024-10-21,645380,8914526,4812812,206632,1132594,33766,16222,2049136
2024-10-22,682031,8903338,4809929,206461,1180631,34370,16317,2049505
2024-10-23,679220,8880624,4806224,205698,1170158,33273,15374,2049896
2024-10-24,671666,8861681,4803011,205069,1159719,32608,15850,2050326
2024-10-25,682364,8847642,4801330,204536,1190432,33779,15663,2050694
2024-10-26,653951,8819451,4798614,204139,1158727,32594,15920,2051136
2024-10-27,623510,8819208,4797079,203961,1114569,33967,15848,2051576
2024-10-28,668158,8835847,4795887,203610,1165608,33525,16830,2051977
2024-10-29,667882,8825956,4795908,203459,1154645,33045,15750,2052389
2024-10-30,658147,8801727,4793312,203069,1143502,32278,15676,2052788
2024-10-31,647546,8755021,4789089,202752,1116896,28417,13909,2053156
2024-11-01,635323,8712778,4776102,201568,1102125,30093,13713,2053482
2024-11-02,633757,8688255,4767909,201242,1120538,32139,14962,2053876
2024-11-03,613131,8671191,4762151,200876,1099736,33375,15220,2054321
2024-11-04,651640,8634432,4756895,200537,1137829,32289,15621,2054682
2024-11-05,648727,8615019,4751477,199869,1119581,32122,15204,2055025
2024-11-06,647397,8593499,4745383,199571,1119016,30699,14887,2055418
2024-11-07,680994,8591008,4743368,199442,1183358,32389,16967,2055845
2024-11-08,746962,8615569,4748413,199598,1310818,40751,25871,2056381
2024-11-09,698264,8638253,4751972,199920,1243125,35963,21364,2056870
2024-11-10,669251,8656253,4754476,199917,1207784,37793,20726,2057425
2024-11-11,711817,8690198,4757423,199860,1252864,37459,21091,2057872
2024-11-12,698649,8703977,4760971,199961,1219305,36401,19452,2058317
2024-11-13,683827,8701050,4762898,200230,1186847,35438,18649,2058733
2024-11-14,698325,8711688,4765627,200078,1217647,35283,18775,2059131
2024-11-15,699924,8715687,4763901,199837,1214417,33220,16740,2059530
2024-11-16,650321,8714882,4758463,199509,1142033,31969,15519,2059921
2024-11-17,633962,8724946,4756566,199807,1138434,35018,16258,2060317
2024-11-18,673362,8742015,4754233,199658,1170015,34724,17291,2060635
2024-11-19,662600,8736770,4750794,199286,1149219,33149,16161,2061000
2024-11-20,663126,8729840,4747679,199152,1147457,32189,15930,2061323
2024-11-21,665785,8724612,4744557,198979,1149168,33054,15997,2061692
2024-11-22,688827,8727609,4740668,198785,1198488,32314,16097,2062091
2024-11-23,655468,8732001,4737296,198619,1154220,34083,16173,2062495
2024-11-24,616364,8727337,4734794,198445,1101356,34219,15401,2062858
2024-11-25,648211,8713831,4732006,198222,1126286,34602,15863,2063212
2024-11-26,676421,8712415,4729140,197895,1162441,33501,16938,2063566
2024-11-27,667544,8717618,4725504,197653,1148898,33783,15910,2063892
2024-11-28,632329,8714797,4717863,197315,1089617,32487,15260,2064262
2024-11-29,659052,8717359,4717754,197512,1142181,31985,15890,2064668
2024-11-30,637483,8720314,4716548,197345,1126934,32643,15385,2065033
2024-12-01,624166,8722237,4715374,197271,1107441,34323,15794,2065360
2024-12-02,677111,8731594,4714942,197268,1171290,34277,17375,2065723
2024-12-03,672773,8741062,4715563,197260,1166302,32741,17065,2066127
2024-12-04,683395,8758280,4716090,196997,1177739,45444,19624,2066700
2024-12-05,688946,8766791,4711097,196428,1192612,43544,19788,2067318
2024-12-06,707040,8764526,4698137,195451,1227800,38942,19288,2067874
2024-12-07,672947,8754715,4687956,194774,1196962,36254,17154,2068419
2024-12-08,641595,8748950,4680557,194363,1156509,37131,16792,2068877
2024-12-09,677916,8741455,4673948,193924,1192423,36256,17705,2069325
2024-12-10,670794,8736090,4667501,193134,1181746,35566,17763,2069835
2024-12-11,681381,8734672,4661358,192608,1188133,34084,17791,2070246
2024-12-12,683962,8728616,4653934,192126,1188400,34630,17686,2070739
2024-12-13,682657,8726057,4648026,191641,1177244,34490,17022,2071262
2024-12-14,657441,8725466,4648422,191834,1165516,34908,16733,2071778
2024-12-15,621789,8722670,4645982,191606,1115091,35126,16988,2072319
2024-12-16,648307,8712951,4644928,191399,1140122,34640,17217,2072789
2024-12-17,647441,8710677,4643858,191193,1131456,33833,16572,2073231
2024-12-18,656201,8697428,4641259,191024,1143449,32677,16206,2073699
2024-12-19,658448,8691629,4638965,190968,1137905,33120,17033,2074168
2024-12-20,674752,8691111,4635531,190895,1169795,32333,16780,2074643
2024-12-21,638700,8681558,4632683,190903,1122109,32611,16009,2075093
2024-12-22,602646,8668884,4630177,190691,1063259,34493,15647,2075492
2024-12-23,636069,8670820,4629279,190288,1101932,33321,15935,2075907
2024-12-24,581584,8641748,4617045,188814,983505,28787,13873,2076310
2024-12-25,483237,8591984,4584655,186173,825859,26752,12314,2076671
2024-12-26,577694,8587847,4571782,185313,1020343,35003,16103,2077091
2024-12-27,639185,8588395,4564734,184936,1121479,35671,16782,2077495
2024-12-28,648795,8596540,4560868,184779,1130721,35417,16815,2077900
2024-12-29,610251,8601948,4558703,184289,1077001,35885,16256,2078327
2024-12-30,647318,8607751,4556887,183867,1127777,36201,16966,2078775
2024-12-31,645343,8618731,4557075,183081,1105575,29567,14775,2079152
2025-01-01,537741,8593086,4533561,181164,929601,27840,12463,2079536
2025-01-02,611022,8575790,4525796,180299,1052401,36654,16450,2079987
2025-01-03,639224,8559525,4519609,179783,1105470,37318,16924,2080430
2025-01-04,633801,8550058,4517537,179439,1107235,36034,16705,2080867
2025-01-05,604695,8536022,4516626,179220,1070481,36087,15977,2081237
2025-01-06,614236,8517034,4511579,178624,1063724,34529,15621,2081628
2025-01-07,623539,8504043,4507775,178229,1070442,35054,16243,2082065
2025-01-08,644516,8493184,4504396,177777,1102148,35590,16459,2082484
2025-01-09,626688,8471937,4499147,177334,1078973,34579,15835,2082883
2025-01-10,646760,8454460,4494927,177117,1123075,34834,16484,2083306
2025-01-11,654879,8444575,4492111,176896,1140926,35330,16638,2083720
2025-01-12,625830,8457064,4491795,176456,1096634,36536,17183,2084198
2025-01-13,634454,8449739,4492380,175979,1086422,33413,16092,2084565
2025-01-14,639246,8447601,4491557,175520,1085645,33907,16506,2084998
2025-01-15,653469,8445697,4490158,175058,1118673,34123,16474,2085418
2025-01-16,654647,8444270,4488039,174635,1115503,33362,16115,2085835
2025-01-17,673297,8439513,4487676,174442,1158528,33421,16844,2086278
2025-01-18,652501,8456614,4487347,174280,1141695,34138,16174,2086673
2025-01-19,617629,8466478,4487060,174406,1093706,34300,16061,2087089
2025-01-20,637436,8463782,4485632,174507,1094411,34287,16771,2087481
2025-01-21,639904,8475042,4493531,175413,1092471,32732,15964,2087810
2025-01-22,643397,8513648,4522235,177746,1094316,33729,16185,2088150
2025-01-23,649559,8525803,4536294,178823,1110264,34374,16426,2088589
2025-01-24,672160,8526516,4544964,179187,1158792,34694,16670,2089054
2025-01-25,655428,8528539,4548982,179382,1145451,35333,16151,2089500
2025-01-26,608862,8519940,4549063,179437,1081326,36805,15848,2089896
2025-01-27,637246,8494048,4547364,179871,1090759,35823,15589,2090257
2025-01-28,661355,8481415,4542877,180600,1121430,36702,16501,2090646
2025-01-29,689354,8530230,4566257,182900,1167230,38123,18654,2091046
2025-01-30,677381,8575126,4582439,183881,1151114,37135,18200,2091472
2025-01-31,665203,8590395,4594575,184365,1139091,35201,16638,2091897
2025-02-01,641998,8583090,4600417,184809,1116425,34335,15584,2092312
2025-02-02,615566,8583141,4603755,184784,1082496,35024,15141,2092783
2025-02-03,639356,8596039,4607370,184899,1087729,33384,15465,2093175
2025-02-04,645552,8601491,4612162,185115,1094847,33497,15927,2093596
2025-02-05,640022,8592818,4616484,185021,1090277,33781,15524,2093996
2025-02-06,645239,8598959,4621792,184994,1100905,32724,15784,2094366
2025-02-07,665484,8605416,4627443,185074,1142467,32820,15701,2094722
2025-02-08,643865,8606353,4631172,184988,1129174,33519,15852,2095117
2025-02-09,620782,8600566,4634429,185148,1102341,35775,15976,2095526
2025-02-10,632921,8607329,4634464,184885,1092312,32896,16059,2095858
2025-02-11,636062,8608848,4635757,184675,1093140,33077,16172,2096178
2025-02-12,634051,8608651,4637623,184693,1090932,33521,16119,2096549
2025-02-13,660307,8614396,4639401,184809,1137663,34407,16947,2096996
2025-02-14,719316,8658048,4649617,185329,1257941,32995,16275,2097420
2025-02-15,664816,8677349,4655884,185602,1194564,31825,15336,2097811
2025-02-16,597103,8675775,4657744,185522,1073523,34415,15650,2098188
2025-02-17,610378,8671886,4659278,185393,1058120,32969,15254,2098536
2025-02-18,623405,8661538,4661397,185497,1069108,32459,15512,2098847
2025-02-19,623244,8650054,4662700,185371,1079592,32905,15490,2099186
2025-02-20,629649,8637755,4662539,185178,1096330,32545,16154,2099571
2025-02-21,635654,8624989,4661557,184901,1106989,32833,15704,2099945
2025-02-22,629272,8613517,4661491,184836,1116068,33773,15391,2100316
2025-02-23,593208,8612510,4662327,184619,1061221,33760,15372,2100694
2025-02-24,616004,8606169,4663013,184379,1069173,32135,15455,2101031
2025-02-25,637566,8596617,4662608,184362,1102733,31520,15687,2101442
2025-02-26,632689,8553459,4660212,184195,1104075,32330,15243,2101798
2025-02-27,633544,8527647,4656786,183959,1098863,31656,15794,2102197
2025-02-28,699873,8538277,4660363,184283,1231749,41644,27620,2102678
2025-03-01,639351,8538522,4661981,184624,1152783,35410,20309,2103131
2025-03-02,606988,8530006,4666856,184978,1110656,36257,20746,2103561
2025-03-03,640731,8533725,4674942,186162,1156549,41103,25232,2104070
2025-03-04,642912,8537153,4681106,186901,1147120,39712,22357,2104506
2025-03-05,641304,8534941,4683719,187257,1117437,36072,19497,2104975
2025-03-06,645971,8528877,4688122,187570,1124166,35277,19591,2105414
2025-03-07,653378,8530476,4686780,187328,1137018,33915,17706,2105853
2025-03-08,615514,8510678,4683630,187307,1086608,31585,15406,2106213
2025-03-09,590211,8496306,4680536,187329,1061597,34209,15357,2106572
2025-03-10,618919,8491750,4680750,187314,1082520,32054,15750,2106868
2025-03-11,619875,8486185,4679488,187080,1073376,31377,15454,2107207
2025-03-12,621133,8478096,4677501,186889,1074030,32031,15752,2107532
2025-03-13,610300,8456648,4675009,186705,1059521,31680,15733,2107895
2025-03-14,638695,8405067,4663208,185968,1101018,32567,16364,2108236
2025-03-15,618168,8371217,4654231,185432,1093477,32257,15829,2108581
2025-03-16,587292,8359162,4651722,185096,1048351,33080,15290,2108908
2025-03-17,602550,8355450,4649806,184862,1042445,32732,15794,2109203
2025-03-18,605684,8343931,4648320,184890,1048548,31625,15790,2109538
2025-03-19,610198,8338424,4646635,184773,1048062,31674,15445,2109884
2025-03-20,620095,8326753,4644959,184589,1064343,30961,16352,2110211
2025-03-21,634956,8330988,4642201,184740,1094005,33410,16842,2110560
2025-03-22,614870,8327885,4638613,184674,1079798,33212,16398,2110930
2025-03-23,586000,8327625,4635210,184689,1044699,35256,15623,2111261
2025-03-24,602188,8319546,4631651,184598,1039023,33959,15238,2111601
2025-03-25,611725,8311729,4626938,184529,1052250,32126,15572,2111912
2025-03-26,622521,8293121,4620975,184184,1069456,31979,16509,2112250
2025-03-27,622514,8291713,4614869,184202,1077934,31869,15687,2112615
2025-03-28,679769,8270954,4605939,183656,1162035,37539,22175,2112982
2025-03-29,639940,8266624,4600936,183824,1127652,34688,18326,2113380
2025-03-30,599124,8259574,4593676,183660,1076778,35014,17150,2113777
2025-03-31,632091,8254530,4586223,182709,1096400,34781,19211,2114209
2025-04-01,654221,8252871,4584399,182317,1134850,33580,20163,2114583
2025-04-02,643583,8247076,4582670,182140,1106205,32312,17704,2114914
2025-04-03,642349,8240392,4582348,181881,1101402,32670,16853,2115285
2025-04-04,656175,8240351,4582822,181709,1121419,32071,15860,2115614
2025-04-05,620183,8243686,4583448,181435,1089076,31241,14838,2115934
2025-04-06,591937,8247538,4583104,181469,1049013,33001,15794,2116313
2025-04-07,627602,8251184,4584419,181272,1080781,32080,16390,2116637
2025-04-08,632298,8265407,4587988,181217,1084783,31464,16469,2116952
2025-04-09,627031,8274070,4590482,181217,1075176,30919,16030,2117254
2025-04-10,635581,8277165,4592407,181191,1097941,31235,16142,2117533
2025-04-11,655918,8284310,4594535,181186,1133864,31823,15661,2117795
2025-04-12,632214,8294511,4596133,181233,1108103,31059,15174,2118158
2025-04-13,590220,8296116,4596740,181153,1051059,32202,14678,2118498
2025-04-14,613069,8301542,4599358,181112,1065743,32919,15945,2118881
2025-04-15,622387,8314510,4602266,181105,1073575,33293,17587,2119223
2025-04-16,606120,8318379,4604941,181126,1034166,31239,15372,2119589
2025-04-17,639890,8331319,4611549,181051,1103387,33346,17442,2119851
2025-04-18,608865,8344931,4610431,180423,1063823,33387,16434,2120129
2025-04-19,584486,8338981,4607909,179989,1029855,32005,15149,2120437
2025-04-20,548262,8335047,4604933,179223,973412,31436,14500,2120786
2025-04-21,603738,8356023,4607494,178826,1057600,33792,15644,2121115
2025-04-22,629409,8372845,4611089,178614,1084188,32880,16163,2121472
2025-04-23,655947,8397912,4616608,178494,1129248,34144,18443,2122213
2025-04-24,642288,8408052,4622646,178528,1119437,34074,19583,2123181
2025-04-25,694807,8411821,4627626,178450,1197732,42023,26371,2123662
2025-04-26,672108,8438101,4631498,178303,1183741,40110,21677,2124090
2025-04-27,637537,8478807,4635941,178324,1128818,38696,20252,2124494
2025-04-28,664529,8494675,4641489,178347,1139672,38043,21685,2124899
2025-04-29,679993,8508891,4645686,178302,1163572,35924,23167,2125291
2025-04-30,690330,8541947,4655402,178388,1174342,34368,19882,2125682
2025-05-01,649837,8565155,4657523,178140,1121443,36442,19121,2126066
2025-05-02,683743,8589089,4661234,178236,1181582,35556,19381,2126444
2025-05-03,648874,8607624,4664563,178268,1132478,34437,17977,2126839
2025-05-04,613396,8618120,4669647,178301,1078071,34613,17414,2127202
2025-05-05,645488,8624628,4673228,178457,1110147,37546,17577,2127570
2025-05-06,653208,8630720,4676938,178788,1108072,38129,17275,2127905
2025-05-07,667754,8647913,4681910,178971,1126993,37446,17804,2128253
2025-05-08,668608,8663051,4686446,179119,1139947,37201,17338,2128580
2025-05-09,708546,8692032,4692902,179441,1229373,37193,19007,2128933
2025-05-10,638166,8696348,4696810,179530,1114255,34270,16563,2129243
2025-05-11,594243,8696188,4697307,179465,1039508,34822,15658,2129558
2025-05-12,652106,8701954,4702810,180061,1121144,37844,17342,2129873
2025-05-13,669413,8716366,4707386,180287,1136188,35505,17790,2130221
2025-05-14,657862,8732082,4710083,180654,1125614,36291,17324,2130548
2025-05-15,649704,8732526,4707338,180932,1106902,35066,17593,2130898
2025-05-16,651572,8734041,4713593,181719,1109169,36158,17179,2131218
2025-05-17,634119,8743234,4717874,182151,1113036,34624,16838,2131586
2025-05-18,612798,8760335,4722408,182881,1078588,35708,17063,2131922
2025-05-19,641863,8756431,4723530,183476,1096190,35440,17524,2132217
2025-05-20,653710,8759656,4724548,183444,1099757,33916,17720,2132509
2025-05-21,653837,8753013,4724505,183524,1111742,35135,17386,2132870
2025-05-22,647843,8756227,4724146,183658,1106623,34877,17705,2133209
2025-05-23,648393,8736821,4721025,183311,1102203,33779,16631,2133522
2025-05-24,623744,8705645,4718524,183000,1081073,34277,15974,2133902
2025-05-25,590405,8691053,4715615,182411,1029631,33969,16111,2134303
2025-05-26,618425,8673211,4711125,181716,1051332,33512,16182,2134642
2025-05-27,627406,8650851,4705706,181005,1060819,33014,16062,2134976
2025-05-28,623825,8615166,4696634,180306,1054783,32765,15119,2135277
2025-05-29,617836,8597214,4691441,179956,1058568,33200,15310,2135632
2025-05-30,637758,8574332,4684969,179286,1089248,33500,15286,2136051
2025-05-31,607564,8556947,4679843,178877,1057912,32164,14525,2136365
2025-06-01,563090,8531041,4673938,178515,979303,31681,13740,2136669
2025-06-02,592992,8503664,4668457,177965,1003519,31497,13734,2136946
2025-06-03,604105,8481203,4663356,177354,1017523,31550,13894,2137222
2025-06-04,605595,8454872,4656305,176563,1016604,31364,13847,2137550
2025-06-05,605137,8423515,4645985,175694,1015822,32237,14706,2137872
2025-06-06,651946,8405431,4633112,174873,1091272,34093,19655,2138208
2025-06-07,609510,8396583,4622420,174095,1051650,33629,17779,2138646
2025-06-08,583046,8393473,4618312,173854,1021411,34222,16722,2139082
2025-06-09,642698,8399407,4613641,173299,1090063,35501,18456,2139423
2025-06-10,636312,8393047,4607179,172825,1071997,32946,17281,2139823
2025-06-11,636209,8390771,4602349,172270,1073673,32681,17159,2140173
2025-06-12,639465,8396003,4599531,171916,1083408,32723,16062,2140492
2025-06-13,668048,8417753,4595992,171703,1138275,32302,16251,2140842
2025-06-14,606475,8413405,4589743,171142,1031822,30662,14673,2141236
2025-06-15,562642,8386977,4582254,170606,970159,30706,13878,2141568
2025-06-16,597371,8373568,4575644,170120,1006728,31051,14446,2141917
2025-06-17,627427,8369636,4569268,169350,1048024,31078,14831,2142172
2025-06-18,621307,8360756,4563418,168767,1048626,31169,14844,2142526
2025-06-19,612585,8349849,4556345,168093,1037238,31559,14569,2142890
2025-06-20,620549,8345123,4547020,167544,1048220,30682,14780,2143090
2025-06-21,621302,8350532,4540614,166929,1063553,31136,14397,2142500
2025-06-22,569079,8343015,4534456,166227,984613,30191,13357,2141975
2025-06-23,584994,8334732,4528705,165782,982127,31467,14335,2142258
2025-06-24,609498,8329730,4522299,165221,1022126,31024,14883,2142549
2025-06-25,621046,8336726,4517896,164520,1041737,30703,15250,2142881
2025-06-26,625209,8345356,4518267,164097,1048097,31032,14912,2143166
2025-06-27,619710,8343259,4516515,163653,1037652,29463,14451,2143468
2025-06-28,588513,8336209,4512948,163080,1002749,29622,14176,2143824
2025-06-29,565031,8337440,4510932,162788,975155,30389,13643,2144124
2025-06-30,610381,8354855,4509889,162399,1024132,31257,15415,2144346
2025-07-01,603185,8363056,4507033,161759,1003394,31457,15202,2144652
2025-07-02,588273,8366072,4503829,161596,988229,30176,14562,2144914
2025-07-03,597250,8362968,4505510,161844,1012009,30915,14953,2145225
2025-07-04,601114,8349385,4503005,161460,1020646,29742,14578,2145559
2025-07-05,571170,8335026,4499003,160794,979032,28706,12815,2145845
2025-07-06,561127,8336912,4495376,160414,975413,30248,13856,2145861
2025-07-07,592065,8312770,4490415,159918,1010443,32723,14771,2146164
2025-07-08,592045,8303138,4486373,159326,998602,31609,14125,2146475
2025-07-09,604172,8294420,4480686,158683,1017267,30538,14726,2146763
2025-07-10,618312,8285693,4475866,157837,1042845,31502,15515,2147048
2025-07-11,618329,8263358,4469899,157237,1043281,32832,14542,2147342
2025-07-12,583453,8256568,4467559,156818,999826,30102,13841,2147660
2025-07-13,554365,8257155,4466558,156536,958389,30918,14246,2147941
2025-07-14,575147,8254254,4464398,156198,974381,31006,13817,2148204
2025-07-15,587340,8245966,4461143,155861,985607,33816,14534,2148455
2025-07-16,579054,8221334,4457731,155797,989278,32761,15415,2148790
2025-07-17,575459,8211658,4454596,155606,976120,32091,14277,2149120
2025-07-18,595454,8208219,4453547,155557,1013915,32008,14286,2149427
2025-07-19,581819,8184031,4451644,155226,992752,29519,13704,2149661
2025-07-20,547838,8179688,4451286,154948,947376,30055,13128,2149892
2025-07-21,564873,8163844,4449742,154664,959061,31145,14114,2150152
2025-07-22,572616,8145447,4448310,154437,963216,31996,14461,2150419
2025-07-23,608336,8137804,4445043,154494,1016594,32091,15068,2150671
2025-07-24,608562,8129710,4440385,154463,1023786,32316,16268,2150986
2025-07-25,656966,8149892,4440365,154779,1115531,37288,22099,2151317
2025-07-26,624987,8167594,4441536,154959,1070563,32424,18196,2151680
2025-07-27,591449,8177071,4441609,155211,1027145,32099,17041,2152019
2025-07-28,611464,8169975,4441519,155505,1044861,32871,17178,2152309
2025-07-29,613954,8177998,4443179,155699,1040674,32892,17463,2152627
2025-07-30,618044,8189603,4443681,155969,1050807,33430,16201,2152952
2025-07-31,616577,8192499,4443856,155732,1045940,32910,16328,2153275
2025-08-01,616755,8190575,4443923,155852,1043235,32281,15277,2153568
2025-08-02,603834,8202764,4447919,156166,1030705,30257,14770,2153868
2025-08-03,553282,8200196,4448125,156305,958303,31465,13109,2154144
2025-08-04,599833,8197757,4448677,156310,1008614,32701,14567,2154389
2025-08-05,605434,8204538,4449261,156264,1014545,32338,15333,2154672
2025-08-06,613728,8208245,4449619,156460,1030624,32405,15378,2154937
2025-08-07,620055,8214055,4447561,156276,1044650,31599,15165,2155258
2025-08-08,627480,8220338,4446269,156336,1060075,31582,15136,2155572
2025-08-09,592977,8231235,4446808,156446,1018833,29623,13735,2155880
2025-08-10,550168,8226621,4446206,156578,958976,30009,13439,2156210
2025-08-11,590334,8231812,4447067,156714,1000420,30296,14103,2156473
2025-08-12,598647,8235743,4445768,156938,1009776,29929,14578,2156781
2025-08-13,590045,8235386,4444294,156766,1000612,30064,14487,2157082
2025-08-14,592751,8239852,4444108,156715,1007060,30742,14170,2157346
2025-08-15,571748,8231675,4439267,156601,974129,30616,13766,2157662
2025-08-16,573103,8229833,4435310,156466,987141,33675,13603,2157942
2025-08-17,552243,8236586,4433986,156387,960705,32771,13440,2158205
2025-08-18,571525,8244040,4433223,156258,970271,30791,14239,2158485
2025-08-19,569606,8246668,4432983,156191,965721,30081,15128,2158779
2025-08-20,569762,8231598,4431149,156044,967825,31312,14387,2159094
2025-08-21,604073,8235758,4431519,156059,1023288,32810,16248,2159649
2025-08-22,656558,8232762,4435892,156552,1132071,37435,24104,2160101
2025-08-23,602957,8225785,4437749,157017,1067332,33433,19510,2160559
2025-08-24,573376,8228558,4438847,157153,1018946,35216,17823,2160914
2025-08-25,615303,8225560,4439864,157016,1056032,33404,18695,2161271
2025-08-26,614648,8223067,4440635,157069,1039626,32662,18021,2161620
2025-08-27,608818,8221302,4441333,157021,1042879,32795,17406,2161995
2025-08-28,605449,8217005,4439687,157205,1038649,32324,16685,2162356
2025-08-29,605897,8212683,4437336,157258,1043149,31509,15000,2162699
2025-08-30,576593,8205198,4432435,157100,999354,30798,13672,2163017
2025-08-31,541945,8200143,4429973,157192,952019,31455,13131,2163350
2025-09-01,566131,8192089,4427604,156844,965583,30875,13717,2163645
2025-09-02,571059,8173766,4424437,156784,964671,29996,13594,2163962
2025-09-03,563522,8143316,4420479,156641,958673,29896,13665,2164262
2025-09-04,563631,8111756,4415921,156566,949599,27972,12919,2164550
2025-09-05,564004,8076701,4408415,156630,958717,28926,13123,2164762
2025-09-06,551677,8046981,4400969,156399,960868,29284,12875,2165104
2025-09-07,527350,8032811,4395136,156221,928054,29319,12306,2165422
2025-09-08,552284,8016386,4389715,155995,940524,29067,13255,2165690
2025-09-09,571342,7989590,4384906,155719,962614,28659,13622,2165828
2025-09-10,581337,7986858,4380378,155645,977737,28875,14174,2166068
2025-09-11,573394,7977417,4373064,155326,966675,27492,13427,2166269
2025-09-12,581184,7967403,4369456,155223,982810,27856,13572,2166478
2025-09-13,550878,7960151,4363759,155300,961009,26932,12629,2166685
2025-09-14,516602,7936501,4356099,155118,905960,28131,12290,2166922
2025-09-15,545573,7915971,4349453,154917,921669,27348,12778,2167137
2025-09-16,536677,7904464,4342007,154369,909262,28679,12661,2167384
2025-09-17,559628,7897120,4336514,154099,944009,29803,13051,2167604
2025-09-18,560886,7880056,4331334,153828,947438,29070,12970,2167854
2025-09-19,580523,7843099,4321324,152855,976293,29203,13682,2168094
2025-09-20,573430,7831006,4313707,151819,978558,31240,14214,2168277
2025-09-21,543965,7820047,4306620,151067,943834,32803,13791,2168541
2025-09-22,557365,7797913,4300015,150200,946478,31314,13653,2168763
2025-09-23,547557,7770748,4292947,149416,926018,29786,13220,2169001
2025-09-24,563813,7746490,4287158,148611,944671,30282,13417,2169256
2025-09-25,570317,7728961,4282235,147988,954640,30106,13765,2169504
2025-09-26,647163,7748597,4283064,147707,1080921,37613,21799,2169781
2025-09-27,585757,7749432,4283222,147553,1008483,33938,16186,2170040
2025-09-28,542894,7759939,4281994,147388,943913,35536,14980,2170269
2025-09-29,574653,7751287,4281469,147297,974076,30943,14720,2170487
2025-09-30,583657,7761881,4282021,147251,975005,30716,14352,2170676
2025-10-01,579062,7770521,4282219,147007,973895,28747,14306,2170913
2025-10-02,574571,7777012,4282952,147155,966077,30083,14154,2171122
2025-10-03,592134,7786805,4284621,146967,1001241,30347,14104,2171311
2025-10-04,570052,7789526,4285118,146943,994953,29158,13607,2171468
2025-10-05,531624,7786350,4283581,146728,937822,30399,13490,2171720
2025-10-06,558493,7788487,4283171,146473,941023,31394,14191,2171977
2025-10-07,565590,7794517,4282599,146184,942632,28555,13222,2172220
2025-10-08,574455,7798589,4282712,146158,963069,28453,13426,2172467
2025-10-09,567041,7798039,4284503,146129,958178,28579,13935,2172679
2025-10-10,583559,7803647,4286258,146246,981899,28228,13606,2172913
2025-10-11,575937,7813515,4288222,146262,988187,29398,13417,2173188
2025-10-12,555022,7839177,4290205,146236,967877,31133,13942,2173484
2025-10-13,555089,7849814,4292804,146395,943049,29316,13470,2173766
2025-10-14,575399,7872363,4297353,146661,961860,29136,13713,2174005
2025-10-15,570786,7878897,4299168,146829,961226,28758,14021,2174203
2025-10-16,586132,7886669,4299311,146874,986834,28066,13832,2174462
2025-10-17,591727,7889225,4297558,146814,997674,28181,14044,2174659
2025-10-18,571150,7879980,4295297,146871,976499,28315,13088,2174876
2025-10-19,536839,7878961,4292427,146703,934985,29016,13009,2175040
2025-10-20,565383,7884535,4290275,146624,950444,29445,13522,2175256
2025-10-21,538366,7888776,4289165,146549,901878,28528,13260,2175431
2025-10-22,531969,7880336,4287700,146438,899744,28438,13109,2175643
2025-10-23,543287,7875853,4285098,146466,918305,28192,12609,2175835
2025-10-24,617341,7862460,4280697,146108,1027425,30824,14491,2176048
2025-10-25,581210,7868790,4276604,145891,992935,28166,13174,2176320
2025-10-26,525232,7860638,4272888,145889,907631,28548,12344,2176536
2025-10-27,545725,7845241,4269019,145608,921316,28284,12310,2176738
2025-10-28,561849,7840048,4266048,145376,933437,27382,12452,2177060
2025-10-29,559419,7833597,4263111,145076,935498,27422,12918,2177176
2025-10-30,580164,7829317,4262654,144754,962080,27987,13919,2177374
2025-10-31,629705,7862242,4264234,144495,1033963,29058,16833,2177447
2025-11-01,548055,7853496,4259490,144097,935355,26517,13039,2177608
2025-11-02,521489,7850644,4257979,143896,903340,28326,12961,2177838
2025-11-03,546269,7849657,4258995,143953,911393,28143,13217,2178030
2025-11-04,548529,7850205,4261649,143891,910618,27831,13218,2178246
2025-11-05,584369,7855650,4263411,144137,968404,29155,13863,2178459
2025-11-06,590202,7866255,4264747,144421,979709,29076,13875,2178711
2025-11-07,626200,7879630,4264971,144422,1057856,31031,15512,2178967
2025-11-08,602675,7890852,4265791,144697,1034021,30395,14882,2179253
2025-11-09,553731,7883604,4265237,144739,961778,30085,14089,2179506
2025-11-10,593964,7902926,4267044,144634,991558,28737,15166,2179732
2025-11-11,596212,7922002,4265894,144505,989424,28749,14404,2179982
2025-11-12,582008,7924749,4264919,144306,965723,28296,13987,2180211
2025-11-13,552057,7913929,4263238,144491,923669,27820,29505,2180472
2025-11-14,598035,7913370,4262921,145543,1039303,34448,70568,2180867
2025-11-15,594683,7932503,4263347,146206,1024352,31591,18455,2181270
2025-11-16,562677,7951044,4264141,146443,977167,31822,17006,2181597
2025-11-17,561408,7953520,4263783,146880,961923,29689,16964,2181882
2025-11-18,593315,7972966,4264673,147284,990955,29617,17404,2182206
2025-11-19,624167,8018336,4266149,147523,1023208,29675,17748,2182547
2025-11-20,607690,8039354,4266398,147979,1021483,29675,17419,2182912
2025-11-21,610242,8027654,4263860,148077,1021449,30666,16510,2183268
2025-11-22,603375,8024580,4262568,148317,1034070,30747,16405,2183637
2025-11-23,583567,8047419,4261593,148612,1004772,32422,16792,2184064
2025-11-24,596430,8074191,4260994,148780,992902,31285,15839,2184431
2025-11-25,563413,8067237,4259410,148988,954550,28688,15154,2184763
2025-11-26,570835,8065295,4257952,149123,965267,28762,14492,2185095
2025-11-27,545856,8055073,4249732,148935,920229,26482,13487,2185386
2025-11-28,560433,8023717,4239244,148419,934165,26464,13884,2185660
2025-11-29,556291,8019188,4237033,148377,941640,27225,14370,2185966
2025-11-30,549665,8024745,4235505,148373,934235,28600,14279,2186335
2025-12-01,567248,8030983,4232640,148201,939166,28086,14998,2186682
2025-12-02,572978,8040284,4229265,147707,944509,27848,15231,2186992
2025-12-03,570307,8030975,4223429,147229,936796,36478,20416,2187600
2025-12-04,566700,8019924,4212779,146613,942894,36961,20114,2188239
2025-12-05,574522,7996500,4201043,145961,957421,33585,17596,2188655
2025-12-06,552663,7970580,4190806,145543,939405,31614,15567,2189093
2025-12-07,537461,7951089,4184841,144897,919598,32266,15762,2189528
2025-12-08,559603,7940280,4177710,144407,934687,31570,15756,2189903
2025-12-09,560649,7921616,4173082,144132,931294,30646,15183,2190256
2025-12-10,549749,7902258,4168752,143567,917607,29473,14960,2190611
2025-12-11,565207,7901533,4163747,143176,939301,29146,14704,2190895
2025-12-12,587956,7904076,4155633,141785,973999,29559,15363,2191237
2025-12-13,567225,7890125,4148339,140807,957919,29314,15090,2191547
2025-12-14,530491,7877454,4142373,140165,912223,29749,13844,2191874
2025-12-15,555548,7877879,4137711,139397,915922,28741,14172,2192095
2025-12-16,566353,7861983,4131483,138655,927509,28390,14794,2192381
2025-12-17,558298,7835276,4125227,137875,926345,27852,14497,2192687
2025-12-18,546740,7815962,4117640,136984,904715,27844,11621,2192949
2025-12-19,559119,7801518,4108879,136285,924660,27166,8671,2193161
2025-12-20,542386,7774930,4101903,135646,904215,26356,8502,2193407
2025-12-21,519623,7756219,4095247,134970,879497,27781,9634,2193686
2025-12-22,544676,7739582,4089814,134308,895932,28437,9733,2193933
2025-12-23,531508,7729358,4082402,133544,872227,26570,10362,2194180
2025-12-24,482200,7708215,4064489,132038,785144,22391,10178,2194431
2025-12-25,385474,7665562,4031416,129899,634226,20713,10099,2194651
2025-12-26,469283,7639826,4010450,128741,785374,25581,11595,2194900
2025-12-27,514160,7620670,4000718,128296,869367,28080,13471,2195205
2025-12-28,500150,7602856,3994615,127951,854950,29459,13219,2195492
2025-12-29,519869,7593898,3987059,127371,871726,29745,13742,2195815
2025-12-30,520427,7577063,3980675,126556,870017,29264,13529,2196110
2025-12-31,519744,7573258,3976901,125609,856431,25841,12443,2196429
2026-01-01,426734,7545694,3956189,123938,721942,22426,10640,2196682
2026-01-02,492689,7528945,3943852,123016,824429,29281,13580,2196950
2026-01-03,496238,7509699,3938266,122646,833073,28743,12641,2197201
2026-01-04,479624,7489001,3938582,122357,814203,31088,23054,2197553
2026-01-05,520819,7476846,3940244,121930,865349,29906,19072,2197808
2026-01-06,519054,7468148,3937474,121618,860957,29403,17805,2198090
2026-01-07,540714,7472880,3934934,121265,891694,28631,15190,2198357
2026-01-08,550539,7472178,3932038,121013,902070,29470,14925,2198643
2026-01-09,562574,7473135,3928523,120718,922190,30968,14359,2198883
2026-01-10,556753,7476148,3927246,120686,925539,30433,14205,2199186
2026-01-11,516918,7476465,3926825,120499,869338,29153,13814,2199495
2026-01-12,534897,7480593,3925630,120166,877296,28532,13733,2199707
2026-01-13,551607,7474951,3924145,119857,891178,27606,13913,2199928
2026-01-14,542605,7466547,3921688,119827,883907,28978,13793,2200196
2026-01-15,535362,7454573,3919334,119575,876334,27476,13830,2200452
2026-01-16,561258,7452407,3918747,119412,916339,27669,13983,2200741
2026-01-17,539670,7459069,3918099,119412,910124,28951,14159,2201045
2026-01-18,500189,7453407,3916893,119421,854724,28279,13581,2201332
2026-01-19,535179,7454169,3916208,119425,887746,28300,14277,2201564
2026-01-20,546390,7457806,3916612,119521,895400,28162,13825,2201800
2026-01-21,518231,7459002,3924398,120326,853682,26628,12423,2202054
2026-01-22,522202,7499061,3954086,122259,857309,27099,13233,2202263
2026-01-23,613145,7557939,3976979,123522,1008258,34032,20713,2202566
2026-01-24,562490,7577151,3985414,123975,949520,31105,16728,2202866
2026-01-25,508253,7586305,3985458,124247,868823,30639,15233,2203123
2026-01-26,529635,7586303,3985622,124657,878627,29726,15068,2203358
2026-01-27,527343,7577883,3984999,124983,871424,28518,14570,2203587
2026-01-28,538774,7558304,3982556,125847,890800,34006,14436,2203851
2026-01-29,550696,7585955,4003963,127596,908895,30757,15377,2204129
2026-01-30,587890,7619916,4018531,128521,953193,30365,15262,2204398
2026-01-31,558479,7649394,4027228,129152,928290,29920,13950,2204675
2026-02-01,499787,7662915,4030757,129562,850454,28870,14086,2204988
2026-02-02,521965,7660118,4031427,129503,859826,29066,13966,2205238
2026-02-03,553835,7669629,4034788,129559,902718,34989,14406,2205517
2026-02-04,542192,7666343,4037285,129772,882054,28717,13392,2205696
2026-02-05,525404,7653023,4038194,129784,857586,29195,26732,2205909
2026-02-06,604607,7656870,4042892,130578,1009413,36692,62893,2206173
2026-02-07,559590,7655136,4044425,131155,954901,31973,18973,2206508
2026-02-08,519594,7652130,4045187,131529,893494,31040,17553,2206747
2026-02-09,538481,7651118,4045108,131951,896837,31645,17322,2206974
2026-02-10,550522,7649740,4046529,132390,913025,35165,16801,2207194
2026-02-11,557221,7651310,4049952,132932,922455,32980,16544,2207423
2026-02-12,575196,7670802,4054148,133205,938595,33621,16953,2207677
2026-02-13,605841,7701148,4059823,133529,989987,34880,15973,2207890
2026-02-14,642299,7770519,4071142,133967,1082461,34997,14691,2208148
2026-02-15,572280,7807281,4077688,134385,982162,32544,13991,2208395
2026-02-16,554839,7817944,4079540,134307,908765,32072,13634,2208602
2026-02-17,570328,7835917,4080248,134116,929938,31927,14934,2208830
2026-02-18,563212,7851455,4081652,134117,923170,31838,14736,2209040
2026-02-19,543005,7850979,4081946,134098,890638,30381,13948,2209272
2026-02-20,572693,7832700,4080350,133688,925648,32117,14917,2209460
2026-02-21,557737,7837350,4080463,133349,920601,31040,14026,2209693
2026-02-22,513650,7841507,4084531,133115,851682,32264,13149,2209937
2026-02-23,526076,7842254,4087154,132945,841218,30233,13259,2210151
2026-02-24,543787,7853577,4088771,132791,874558,31788,14843,2210454
2026-02-25,543440,7854048,4089740,132500,883303,31423,14260,2210785
2026-02-26,540175,7841434,4089431,132259,886814,31293,13891,2211075
2026-02-27,548400,7812440,4088486,132157,901408,30906,13565,2211291
2026-02-28,534419,7796764,4086190,131902,889918,29807,13265,2211538
2026-03-01,504528,7797429,4085521,131697,860069,32693,13556,2211832
2026-03-02,497058,7785033,4085804,131715,824577,33587,13136,2212100
2026-03-03,498837,7763146,4085341,131302,820407,32232,13376,2212395
2026-03-04,511265,7748285,4085327,131178,837533,32708,13162,2212649
2026-03-05,502929,7738945,4085406,131245,829451,30313,12972,2212976
2026-03-06,542821,7722622,4082625,130540,896805,30732,14426,2213264
2026-03-07,510947,7701371,4080778,129819,858513,30521,13138,2213520
2026-03-08,487877,7694402,4079833,129367,827032,31043,12553,2213779
2026-03-09,489692,7673414,4079999,128956,807424,29874,11855,2214001
2026-03-10,495686,7650187,4079030,128602,813466,31045,12495,2214248
2026-03-11,510141,7638851,4076124,128251,836997,30731,12467,2214497
2026-03-12,541274,7628641,4071955,127772,884002,31559,13823,2214750
2026-03-13,585040,7614179,4069687,127799,957823,37184,19868,2215022
2026-03-14,523076,7548523,4060374,127392,884573,33355,15041,2215306
2026-03-15,508578,7507961,4053445,127037,860504,32330,14676,2215580
2026-03-16,533085,7498342,4050687,127208,875502,32067,14875,2215832
